department,salary,age,is_active,Name,emp id,employee_id,name,email
IT,9648642,33,True,David Gross,arnoldkenneth@example.net,547097,Martin Martin,michellecruz@example.org
Finance,11454948,31,True,James Perez,reyesrachel@example.org,576528,Nicole Morales,usmith@example.net
HR,10707080,35,True,Nicole Drake,ishelton@example.com,900994,Sierra Roberts,alexaharris@example.com
IT,10083088,36,True,Antonio Cruz,grogers@example.org,647725,Jonathon Mays,rodney29@example.com
Marketing,1651425,25,True,Nathaniel Morris,laura33@example.net,449219,Amy Santos,jimenezmichelle@example.org
HR,2380836,36,True,Steven Smith,millssherry@example.org,703364,Dillon Lee,christopher56@example.net
IT,16476286,30,True,Anthony Villegas,rodriguezangie@example.net,832914,Crystal Shepard,angela49@example.com
Finance,13610727,36,False,Andrea Wilkins,owensmary@example.net,141591,Michael Cox,jennifer00@example.net
Finance,15671566,32,False,Kyle Meyer,ndavis@example.net,672121,Joe Harris Jr.,sawyerpatricia@example.com
HR,8120291,36,True,Lisa Romero,farrellsamantha@example.com,691803,Jamie Norton,jonesmeghan@example.net
IT,4308569,25,True,Alexis Kelley,abrown@example.org,214751,Krista Mckay,julie62@example.net
Marketing,9356550,35,False,Joseph Pratt,kimbethany@example.org,585559,Matthew Donaldson,shawn68@example.com
IT,5523882,36,True,Lisa Hughes,ddaniels@example.com,130649,Gary Pratt,bgonzalez@example.net
HR,14399585,32,True,Robert Williams,xbell@example.com,381737,Ryan Horton,youngjennifer@example.net
Marketing,7975455,36,True,Lauren Gilmore,xmason@example.org,878049,James Zavala,edwardsvalerie@example.org
Operations,10644733,33,True,Michelle Walls,utaylor@example.org,955722,Samuel Foster,iblackburn@example.net
Marketing,3504876,36,True,Katie Mcmillan,singletonclaudia@example.org,756682,Sara Armstrong,bowens@example.net
IT,9036222,25,False,Ricky Gray,charles46@example.org,463595,Joseph Powell,jeremystephens@example.org
Operations,3799726,33,True,Anna Ruiz,pattersonsarah@example.net,100878,Krista Olson,qphillips@example.com
Finance,5203822,36,False,Stephanie Lynch,jessicareyes@example.com,347287,Joseph Bruce,tammynelson@example.net
HR,14454388,35,True,Kyle Brown,xhoffman@example.org,451808,Derek Wheeler,carolynbrooks@example.com
HR,15923526,25,True,Nicole Calderon,benjaminscott@example.net,148707,Joseph Turner,agonzales@example.com
IT,6880221,36,False,Anthony Murphy,brooke73@example.net,103913,Jennifer Vaughn,paul08@example.net
Finance,14766191,36,True,William Wilson,richard88@example.org,963134,Chad Flores,prodriguez@example.net
Finance,1727683,35,True,Carolyn Short,omarwiley@example.com,380591,Heidi Ray,ramseydeanna@example.org
IT,9823693,36,False,Kristen Rivas,chad59@example.com,576464,Anthony Cook,ferrelltimothy@example.net
IT,24158,29,True,Peter Carr,vvelez@example.net,907124,Nathaniel Jackson,lynn68@example.com
IT,15539367,25,True,Michelle Mckinney,changjessica@example.com,319873,Jacob Wright,tmcdonald@example.org
Finance,13452292,36,True,Anna Galloway,bnorman@example.net,942898,Joshua Phillips,steve52@example.org
IT,1022473,28,False,Jeffrey Holland,beasleymiguel@example.net,361922,Julian Wallace,melissa05@example.com
HR,4843530,36,True,Stephen Ellis,mlandry@example.net,181879,Tina Cooper,ryan54@example.org
Finance,10421933,36,True,Kathryn Brown,williamanderson@example.net,190836,Mrs. Susan Andrade PhD,mitchelllisa@example.net
HR,7678748,34,True,Jason Salazar,lisa87@example.net,848823,Terri Rose PhD,davidsullivan@example.org
Operations,6327066,30,True,Adam Henderson,michaelglover@example.org,613041,Emily Mcpherson,cantrelllaura@example.net
HR,16279904,25,True,Pamela Hamilton,johnsuarez@example.org,191844,Kristen Hicks,michael76@example.org
Finance,16112238,36,False,Timothy Campbell,hernandezjames@example.com,684088,Roberto Hammond DVM,eric61@example.net
Finance,6621408,36,True,Natalie Weaver,timothygonzales@example.net,379527,Deborah Bennett,lisagraham@example.org
IT,6614310,36,True,Dylan Herring,heather37@example.net,929772,Katherine Conway,liuandrew@example.com
HR,7569606,31,True,Catherine Edwards,mcphersonjessica@example.org,687878,Danny Mercado,williamroman@example.net
IT,5640367,31,True,Warren Schwartz,qchristian@example.net,563684,Tammy Cox,millercrystal@example.com
Marketing,13194941,36,True,Sarah Rogers,acruz@example.org,328916,Justin Thompson,collinselizabeth@example.org
Finance,1489634,36,False,Holly Conrad,ssullivan@example.org,399359,Rita Jones,denisewright@example.com
HR,7302020,25,True,Andrew Wilson,umoody@example.net,755920,Andrea Bailey,olivia33@example.com
HR,8753521,36,True,Ann Thomas,hawkinsgeorge@example.net,463561,Melinda Day,josephnixon@example.net
Marketing,2337763,36,False,Joshua Carter,douglas10@example.com,930111,Jonathan Johnson,swansonlaura@example.net
HR,11373328,35,False,Richard Norton,gracemurphy@example.net,681083,Terry Winters,martinmeghan@example.com
IT,1382235,25,False,Ian Little,ashley03@example.org,202674,Danny Miller,michael18@example.com
IT,3763914,35,True,Jennifer Wiley,clucero@example.org,328823,Richard Fisher,jill83@example.com
IT,6163822,31,True,Michael Miller,cacevedo@example.net,603411,Mr. John Rich,kimberly77@example.com
IT,12085112,32,True,Phillip Golden,robertgibson@example.org,507921,Marie Thompson,thompsonjeffrey@example.com
Finance,7299959,36,False,Michelle Clark,antoniokeller@example.com,108065,Michael Davis,nguyenandrew@example.net
Finance,12308007,36,False,Lauren Lopez,christopherfisher@example.org,457609,Rachel Malone,natalie73@example.net
Operations,530027,36,True,Casey Reed,lisa66@example.org,236537,Joseph Hale,elee@example.org
IT,1798632,25,True,Patrick Mclaughlin,burgessronnie@example.net,982350,Joshua Meyer,dawn00@example.com
Operations,6258916,36,True,Kathleen Miller,ymckay@example.org,525702,Lisa Johnson,medinashawn@example.com
IT,5159756,36,False,Mary Santana,nflores@example.org,758756,Elizabeth Lopez,hernandezjessica@example.net
IT,9324354,33,True,Crystal Christian,luceroheather@example.com,305284,Janet Evans,stevendavidson@example.net
HR,5745416,34,True,Adriana Rowe,tara51@example.org,702107,Kimberly Chandler,vwilliams@example.com
Operations,1100516,28,True,Christian Cline,krystal18@example.net,953771,William Burch,kmcneil@example.net
IT,5521750,36,True,Lisa Guzman,amccann@example.org,139740,Laura Zimmerman,hartmantasha@example.net
IT,14651730,36,True,Christopher Williams,bstewart@example.net,627074,Norman Howard,qlee@example.net
Finance,1674239,36,False,Peter Taylor,amythompson@example.net,666104,Brenda Harris,lowesean@example.org
Finance,11072430,30,True,Theodore Reed,smithashley@example.net,414829,Christopher Johnson,williammurphy@example.com
HR,22834,36,True,April Dixon,jeffrey17@example.net,928389,Kathleen Powell,kpowell@example.org
Operations,4449606,36,True,Anita Wells,zcastaneda@example.net,357725,Kristen Skinner,harriskaren@example.net
Finance,15080855,29,True,Wesley Thompson,booththomas@example.org,879959,Brian Ford,michelleburns@example.org
HR,5215734,36,True,Darren Mcintyre,lori97@example.net,551811,William Kelley,fjones@example.org
Operations,4500805,36,False,Ashley Fry,vangbrian@example.net,263014,Jamie Craig,pnguyen@example.net
IT,5793517,25,True,Jacqueline Alvarez,ffleming@example.org,493995,William Jones,wromero@example.net
Finance,10142901,30,True,Philip Mccormick,shannon46@example.com,276681,Amanda Fernandez,balvarez@example.org
Finance,5673662,29,True,Alec Jackson,michaelpark@example.net,292686,Jesus Barajas,meganlambert@example.org
Operations,13189423,36,True,Anna Davis,villarrealryan@example.com,771966,Michael Terrell,ashley57@example.com
IT,7907951,30,True,Stephanie Weiss,brobinson@example.org,743129,Kent Lowe,lindasmith@example.com
HR,14441902,36,False,Wendy Yang,ryan69@example.com,522254,Kimberly Rodriguez,kathy73@example.net
Operations,438284,35,True,Dr. Amanda Perry,briannawilson@example.net,118751,Kristin Larsen,michelleadams@example.org
IT,8976269,34,True,Steven Schmidt,richard56@example.org,264302,Michael Blair,villanuevadonald@example.net
Marketing,13582755,33,False,Tara Alexander,whiteheadelizabeth@example.com,975214,Brittney Munoz,barnesthomas@example.org
IT,7376840,36,True,Lori Acevedo,ryanwilliam@example.com,505748,Monica Carrillo,lisa41@example.org
HR,3981222,32,True,John Garcia,dalejohnson@example.net,908530,Joel Stevens,mullinssara@example.org
HR,8771932,34,False,Aaron Bowers,austin39@example.net,222525,Barbara Liu,gomezvanessa@example.org
HR,7526755,25,True,Nicholas Bell,piercecarol@example.org,477767,Ashley Smith,daniel59@example.net
Finance,5988853,36,False,Alex Watson,kellycrystal@example.com,391960,Jack Koch,todd33@example.org
Marketing,14921959,36,True,Michael Raymond,drobinson@example.com,235206,Thomas Wall,lisa63@example.com
HR,8833386,31,True,George Johnson,danielleterry@example.com,198031,Mark Berry,paul99@example.org
Marketing,11838881,36,True,Johnny Wilson,campossean@example.com,357103,Eric Harrison,josephrobert@example.org
Marketing,7440181,36,True,Dr. Jenna Cervantes DDS,jwalters@example.org,641297,Cody Cole,sjohnson@example.net
Operations,13555310,30,False,Patricia Crawford,anna54@example.net,933528,April Mcgee,amandajohnson@example.com
IT,1363769,36,True,Ricky Russell,nwalker@example.com,714625,Amy Chambers,reneewatson@example.com
Marketing,12915924,30,True,Rodney Horne,emiller@example.org,824871,Phillip Thomas,shieldslisa@example.org
Finance,11699120,33,True,Laura Lam,oward@example.net,634547,Amy Stephens,sweeneytina@example.net
Operations,10072506,25,True,Michelle Grimes,brownmax@example.net,947921,Carolyn Barnett,maryhicks@example.com
Finance,16849,34,True,Kenneth Mcdonald,jacobsdesiree@example.net,397016,Derek Patel,gonzaleztanner@example.com
IT,895933,36,False,Elizabeth Nicholson,hobbsmatthew@example.com,596377,Amanda Lee,hollandsusan@example.com
Finance,14654492,36,False,Randy Jackson,sgibbs@example.org,135094,Dale Murray,lawrencewaters@example.org
Marketing,13331723,36,True,Debra Spencer,ryankline@example.net,768585,Jack Jacobs,makaylawilson@example.com
Finance,7301476,36,False,Nancy Bullock,garciajoseph@example.net,142195,Pamela Keller,ismith@example.org
Marketing,4988781,25,True,Darlene Spears,mharrington@example.net,709741,Christina Cooper,moconnell@example.com
Marketing,10107992,36,True,Christy Marquez,william47@example.com,599553,Phyllis Hubbard,gordonkaren@example.net
Operations,11057156,36,True,Amanda Ramirez,lsmith@example.org,331485,Sabrina Johnson,michael67@example.org
Operations,5468827,36,True,Deborah Hanna,brianmorgan@example.com,695036,Jason Harding,chadbrown@example.net
